[
    {
        "first_name": "Александра",
        "last_name": "Трофимчук"
    },
    {
        "first_name": "Михаил",
        "last_name": "Хавэр"
    },
    {
        "first_name": "Ринат",
        "last_name": "Файрушин"
    },
    {
        "first_name": "Никита",
        "last_name": "Ивановский"
    },
    {
        "first_name": "Анатолий",
        "last_name": "Бабушкин"
    },
    {
        "first_name": "Alexey",
        "last_name": "Agapov"
    },
    {
        "first_name": "Павел",
        "last_name": "Редькин"
    },
    {
        "first_name": "Лилия",
        "last_name": "Ахунзянова"
    },
    {
        "first_name": "Артем",
        "last_name": "Кузнецов"
    },
    {
        "first_name": "Катрин",
        "last_name": "Патрикеева"
    },
    {
        "first_name": "Рамиль",
        "last_name": "Файрушин"
    },
    {
        "first_name": "Анна",
        "last_name": "Габдуллина"
    },
    {
        "first_name": "Anet",
        "last_name": "Kapba"
    },
    {
        "first_name": "Альмира",
        "last_name": "Шайгарданова"
    },
    {
        "first_name": "Алексей",
        "last_name": "Шовкопляс"
    },
    {
        "first_name": "Alena",
        "last_name": "Reutova"
    },
    {
        "first_name": "Юлия",
        "last_name": "Батальцева"
    },
    {
        "first_name": "Лиля",
        "last_name": "Коломойцева"
    },
    {
        "first_name": "Кирилл",
        "last_name": "Черкашин"
    },
    {
        "first_name": "Иван",
        "last_name": "Росляков"
    },
    {
        "first_name": "Илья",
        "last_name": "Басыров"
    },
    {
        "first_name": "Julia",
        "last_name": "Fayrushina"
    },
    {
        "first_name": "Гульназ",
        "last_name": "Зайнуллина"
    },
    {
        "first_name": "Арсений",
        "last_name": "Сентяков"
    },
    {
        "first_name": "Андрей",
        "last_name": "Абалымов"
    },
    {
        "first_name": "Наталья",
        "last_name": "Кузнецова"
    },
    {
        "first_name": "Лилия",
        "last_name": "Асфандиярова"
    },
    {
        "first_name": "Марина",
        "last_name": "Андреевна"
    },
    {
        "first_name": "Алмаз",
        "last_name": "Галиев"
    },
    {
        "first_name": "Таня",
        "last_name": "Ожмегова"
    },
    {
        "first_name": "Екатерина",
        "last_name": "Крючек"
    },
    {
        "first_name": "Людмила",
        "last_name": "Минигалиева"
    },
    {
        "first_name": "Алёна",
        "last_name": "Вольнова"
    },
    {
        "first_name": "Елена",
        "last_name": "Осипова"
    },
    {
        "first_name": "Ульяна",
        "last_name": "Юминова"
    },
    {
        "first_name": "Антон",
        "last_name": "Лямин"
    },
    {
        "first_name": "Сергей",
        "last_name": "Головин"
    },
    {
        "first_name": "Евгений",
        "last_name": "Соломин"
    },
    {
        "first_name": "Елена",
        "last_name": "Никитина"
    },
    {
        "first_name": "Гульнара",
        "last_name": "Плотникова"
    },
    {
        "first_name": "Андрей",
        "last_name": "Ведерников"
    },
    {
        "first_name": "Лилия",
        "last_name": "Илалетдинова"
    },
    {
        "first_name": "Александр",
        "last_name": "Осипов"
    },
    {
        "first_name": "Сергей",
        "last_name": "Ельцов"
    },
    {
        "first_name": "Вера",
        "last_name": "Башкирова"
    },
    {
        "first_name": "Владимир",
        "last_name": "Голубчиков"
    },
    {
        "first_name": "Дина",
        "last_name": "Соловьева"
    },
    {
        "first_name": "Анна",
        "last_name": "Миронова"
    },
    {
        "first_name": "Мария",
        "last_name": "Никитина"
    },
    {
        "first_name": "Александр",
        "last_name": "Корпач"
    },
    {
        "first_name": "Алексей",
        "last_name": "Чупин"
    },
    {
        "first_name": "Денис",
        "last_name": "Комиссаров"
    },
    {
        "first_name": "Наталья",
        "last_name": "Прибыльщикова"
    },
    {
        "first_name": "Павел",
        "last_name": "Балтачев"
    },
    {
        "first_name": "Владислав",
        "last_name": "Булычев"
    },
    {
        "first_name": "Сергей",
        "last_name": "Милеев"
    },
    {
        "first_name": "Татьяна",
        "last_name": "Русанова"
    },
    {
        "first_name": "Иван",
        "last_name": "Сергеев"
    },
    {
        "first_name": "Андрей",
        "last_name": "Дёмышев"
    },
    {
        "first_name": "Костя",
        "last_name": "Оболешев"
    },
    {
        "first_name": "Евгений",
        "last_name": "Грипинский"
    },
    {
        "first_name": "Анна",
        "last_name": "Кологерманская"
    },
    {
        "first_name": "Александр",
        "last_name": "Матанцев"
    },
    {
        "first_name": "Елизавета",
        "last_name": "Арсентьева"
    },
    {
        "first_name": "Василий",
        "last_name": "Буслаев"
    },
    {
        "first_name": "Николай",
        "last_name": "Конышев"
    },
    {
        "first_name": "Анна",
        "last_name": "Шубина"
    },
    {
        "first_name": "Ирина",
        "last_name": "Толстикова"
    },
    {
        "first_name": "Никита",
        "last_name": "Ижболдин"
    },
    {
        "first_name": "Андрей",
        "last_name": "Тимкин"
    },
    {
        "first_name": "Гузелия",
        "last_name": "Перевощикова"
    },
    {
        "first_name": "Ильшат",
        "last_name": "Гимазов"
    },
    {
        "first_name": "Евгений",
        "last_name": "Кузнецов"
    },
    {
        "first_name": "Артур",
        "last_name": "Ахкямиев"
    },
    {
        "first_name": "Светлана",
        "last_name": "Варавинова"
    },
    {
        "first_name": "Зульфина",
        "last_name": "Шафидуллина"
    },
    {
        "first_name": "Екатерина",
        "last_name": "Зыкина"
    },
    {
        "first_name": "Кирилл",
        "last_name": "Березин"
    },
    {
        "first_name": "Резеда",
        "last_name": "Муллахметова"
    },
    {
        "first_name": "Кирилл",
        "last_name": "Угланов"
    },
    {
        "first_name": "Александр",
        "last_name": "Тихонов"
    },
    {
        "first_name": "Кристина",
        "last_name": "Маслёнина"
    },
    {
        "first_name": "Анастасия",
        "last_name": "Александрова"
    },
    {
        "first_name": "Светлана",
        "last_name": "Юминова"
    },
    {
        "first_name": "Наталья",
        "last_name": "Мясникова"
    },
    {
        "first_name": "Всеволод",
        "last_name": "Шефер"
    },
    {
        "first_name": "Наиль",
        "last_name": "Хуббихузин"
    },
    {
        "first_name": "Sozzi",
        "last_name": "Cat"
    },
    {
        "first_name": "Гайфутдинов",
        "last_name": "Радик"
    },
    {
        "first_name": "Наталья",
        "last_name": "Мельник"
    },
    {
        "first_name": "Азат",
        "last_name": "Камалетдинов"
    },
    {
        "first_name": "Таня",
        "last_name": "Сальникова"
    },
    {
        "first_name": "Александр",
        "last_name": "Волков"
    },
    {
        "first_name": "Владимир",
        "last_name": "Касаткин"
    },
    {
        "first_name": "Мария",
        "last_name": "Егерь"
    },
    {
        "first_name": "Юлия",
        "last_name": "Трифонова"
    },
    {
        "first_name": "Камиль",
        "last_name": "Малтабаров"
    },
    {
        "first_name": "Радик",
        "last_name": "Гараев"
    },
    {
        "first_name": "Эльвира",
        "last_name": "Салимгараева"
    },
    {
        "first_name": "Татьяна",
        "last_name": "Зверева"
    },
    {
        "first_name": "Илья",
        "last_name": "Максимов"
    },
    {
        "first_name": "Артем",
        "last_name": "Ишимов"
    },
    {
        "first_name": "Маша",
        "last_name": "Пономарева"
    },
    {
        "first_name": "Андрей",
        "last_name": "Борисов"
    },
    {
        "first_name": "Эльвира",
        "last_name": "Вахитова"
    },
    {
        "first_name": "Евгений",
        "last_name": "Меньшиков"
    },
    {
        "first_name": "Владислав",
        "last_name": "Игоревич"
    },
    {
        "first_name": "Ильдар",
        "last_name": "Сулейманов"
    },
    {
        "first_name": "Алексей",
        "last_name": "Фонарев"
    },
    {
        "first_name": "Радик",
        "last_name": "Шаймухаметов"
    },
    {
        "first_name": "Диана",
        "last_name": "Сафина"
    },
    {
        "first_name": "Артемий",
        "last_name": "Дубынин"
    },
    {
        "first_name": "Александр",
        "last_name": "Гуничев"
    },
    {
        "first_name": "Егор",
        "last_name": "Шихов"
    },
    {
        "first_name": "Андрей",
        "last_name": "Кононов"
    },
    {
        "first_name": "Мишаня",
        "last_name": "Ушаков"
    },
    {
        "first_name": "Анатолий",
        "last_name": "Булатов"
    },
    {
        "first_name": "Ольга",
        "last_name": "Нам"
    },
    {
        "first_name": "Энже",
        "last_name": "Башарова"
    },
    {
        "first_name": "Алина",
        "last_name": "Некрасова"
    },
    {
        "first_name": "Катерина",
        "last_name": "Широбокова"
    },
    {
        "first_name": "Анна",
        "last_name": "Перевощикова"
    },
    {
        "first_name": "Диля",
        "last_name": "Каримуллина"
    },
    {
        "first_name": "Шамиль",
        "last_name": "Губайдуллин"
    },
    {
        "first_name": "Алексей",
        "last_name": "Потемкин"
    },
    {
        "first_name": "Анастасия",
        "last_name": "Матвеева"
    },
    {
        "first_name": "Артём",
        "last_name": "Юнусов"
    },
    {
        "first_name": "Алексей",
        "last_name": "Кузьминых"
    },
    {
        "first_name": "Александр",
        "last_name": "Выжиковский"
    },
    {
        "first_name": "Ирина",
        "last_name": "Моцная"
    },
    {
        "first_name": "Дамир",
        "last_name": "Валеев"
    },
    {
        "first_name": "Сергей",
        "last_name": "Якимчук"
    },
    {
        "first_name": "Лейсира",
        "last_name": "Харисова"
    },
    {
        "first_name": "Андрей",
        "last_name": "Аввакумов"
    },
    {
        "first_name": "Елена",
        "last_name": "Камалетдинова"
    },
    {
        "first_name": "Irina",
        "last_name": "Milova"
    },
    {
        "first_name": "Евгений",
        "last_name": "Лукьянов"
    },
    {
        "first_name": "Павел",
        "last_name": "Торхов"
    },
    {
        "first_name": "Ильдар",
        "last_name": "Басыров"
    },
    {
        "first_name": "Oleg",
        "last_name": "Vasiljev"
    },
    {
        "first_name": "Андрей",
        "last_name": "Андреев"
    },
    {
        "first_name": "Василий",
        "last_name": "Мерзляков"
    },
    {
        "first_name": "Кирилл",
        "last_name": "Хотенов"
    },
    {
        "first_name": "Андрей",
        "last_name": "Егерь"
    },
    {
        "first_name": "Артём",
        "last_name": "Хабовский"
    },
    {
        "first_name": "Кирилл",
        "last_name": "Паничкин"
    },
    {
        "first_name": "Равиль",
        "last_name": "Гайфутдинов"
    },
    {
        "first_name": "Ринат",
        "last_name": "Нурмухаметов"
    },
    {
        "first_name": "Глеб",
        "last_name": "Тулегенов"
    },
    {
        "first_name": "Mirzo",
        "last_name": "Irisboev"
    },
    {
        "first_name": "Filip",
        "last_name": "Kuznezov"
    },
    {
        "first_name": "Ирина",
        "last_name": "Комиссарова"
    },
    {
        "first_name": "Василиса",
        "last_name": "Василькова"
    },
    {
        "first_name": "Дамир",
        "last_name": "Иликов"
    },
    {
        "first_name": "Олег",
        "last_name": "Блинов"
    },
    {
        "first_name": "Никита",
        "last_name": "Головаш"
    },
    {
        "first_name": "Наташа",
        "last_name": "Жукова"
    },
    {
        "first_name": "Николай",
        "last_name": "Симонов"
    },
    {
        "first_name": "Марина",
        "last_name": "Когут"
    },
    {
        "first_name": "Александр",
        "last_name": "Бабушкин"
    },
    {
        "first_name": "Алексей",
        "last_name": "Кузьмин"
    },
    {
        "first_name": "Ильдар",
        "last_name": "Шакиров"
    },
    {
        "first_name": "Елена",
        "last_name": "Загорская"
    },
    {
        "first_name": "Виктория",
        "last_name": "Ведерникова"
    },
    {
        "first_name": "Тимур",
        "last_name": "Айткулов"
    },
    {
        "first_name": "Кирилл",
        "last_name": "Логинов"
    },
    {
        "first_name": "Сергей",
        "last_name": "Антонов"
    },
    {
        "first_name": "Александр",
        "last_name": "Кочуров"
    },
    {
        "first_name": "Стас",
        "last_name": "Вишняков"
    },
    {
        "first_name": "Артур",
        "last_name": "Каримуллин"
    },
    {
        "first_name": "Татьяна",
        "last_name": "Брекоткина"
    },
    {
        "first_name": "Егор",
        "last_name": "Шутов"
    },
    {
        "first_name": "Владимир",
        "last_name": "Чирков"
    },
    {
        "first_name": "Аниса",
        "last_name": "Антонова"
    },
    {
        "first_name": "Ольга",
        "last_name": "Рысьева"
    },
    {
        "first_name": "Наиль",
        "last_name": "Езерский"
    },
    {
        "first_name": "Селим",
        "last_name": "Озай"
    },
    {
        "first_name": "Айрат",
        "last_name": "Камалетдинов"
    },
    {
        "first_name": "Надежда",
        "last_name": "Бухгалтер"
    },
    {
        "first_name": "Сергей",
        "last_name": "Рогов"
    },
    {
        "first_name": "Александр",
        "last_name": "Герасимов"
    },
    {
        "first_name": "Виктор",
        "last_name": "Лихачёв"
    },
    {
        "first_name": "Иван",
        "last_name": "Краснов"
    },
    {
        "first_name": "Арсений",
        "last_name": "Груздев"
    },
    {
        "first_name": "Виталий",
        "last_name": "Болдырев"
    },
    {
        "first_name": "Оскар",
        "last_name": "Белов"
    },
    {
        "first_name": "Алия",
        "last_name": "Чукова"
    },
    {
        "first_name": "Арсений",
        "last_name": "Столыпин"
    },
    {
        "first_name": "Кирилл",
        "last_name": "Камунин"
    },
    {
        "first_name": "Вася",
        "last_name": "Мерзляков"
    },
    {
        "first_name": "Миша",
        "last_name": "Иорданский"
    },
    {
        "first_name": "Сергей",
        "last_name": "Непряхин"
    },
    {
        "first_name": "Дима",
        "last_name": "Зубарев"
    },
    {
        "first_name": "Павел",
        "last_name": "Марков"
    },
    {
        "first_name": "Nikitos",
        "last_name": "Larionov"
    },
    {
        "first_name": "Виктор",
        "last_name": "Гаврилов"
    },
    {
        "first_name": "Ирина",
        "last_name": "Родякина"
    },
    {
        "first_name": "Елена",
        "last_name": "Галицкая"
    },
    {
        "first_name": "Даниил",
        "last_name": "Слепов"
    },
    {
        "first_name": "Наталья",
        "last_name": "Малеева"
    },
    {
        "first_name": "Карина",
        "last_name": "Гужанова"
    },
    {
        "first_name": "Сергей",
        "last_name": "Пантелеев"
    }
]